iter,best_total,gini,total_violations
1,39432.0,0.1592140921409215,50.0
2,39432.0,0.15781535286179257,50.0
3,39432.0,0.15218763561762733,52.0
4,39432.0,0.1592140921409215,50.0
5,39432.0,0.14545418965989593,52.0
6,39432.0,0.14401824348029468,51.0
7,39432.0,0.15781535286179257,50.0
8,39432.0,0.1465098039215688,51.0
9,39432.0,0.15849011669445107,50.0
10,39432.0,0.1535551594375125,51.0
11,39432.0,0.14772549019607856,51.0
12,39432.0,0.1592140921409215,50.0
13,39432.0,0.1592140921409215,51.0
14,39432.0,0.14666744941489562,51.0
15,39432.0,0.1405358182877111,52.0
16,39432.0,0.15887125641331587,50.0
17,39432.0,0.15624876213111516,50.0
18,39432.0,0.14925051857070176,51.0
19,39432.0,0.14545418965989593,52.0
20,39432.0,0.15218763561762733,52.0
21,39432.0,0.149612951392982,50.0
22,39432.0,0.15887125641331587,50.0
23,39432.0,0.15624876213111516,50.0
24,38440.0,0.15781535286179257,49.0
25,37450.0,0.17177118781396852,48.0
26,37450.0,0.18233653293953583,48.0
27,37450.0,0.1688408422917421,51.0
28,37450.0,0.17730626554155976,49.0
29,37450.0,0.185201238390093,48.0
30,37450.0,0.17647058823529413,49.0
31,37450.0,0.17647058823529413,50.0
32,36413.0,0.17461579226285104,45.0
33,36413.0,0.17679738562091502,46.0
34,36413.0,0.18145493491514264,45.0
35,36413.0,0.17358229598893504,47.0
36,36413.0,0.17358229598893504,47.0
37,36413.0,0.1882311310936263,45.0
38,36413.0,0.1748774509803922,46.0
39,36413.0,0.18363261093911237,45.0
40,36394.0,0.1748774509803922,44.0
41,36394.0,0.18697923143887565,44.0
42,36394.0,0.18169246646026838,44.0
43,36394.0,0.18145493491514264,44.0
44,36394.0,0.17509926726431696,46.0
45,36394.0,0.18844388819357533,44.0
46,35403.0,0.1882311310936263,43.0
47,35403.0,0.19088319088319097,43.0
48,35403.0,0.19494235462425308,43.0
49,35403.0,0.18844388819357533,43.0
50,35403.0,0.19251717781129546,45.0
51,35402.0,0.18797773346626787,43.0
52,35402.0,0.19066432543166506,44.0
53,35402.0,0.1956175632646221,44.0
54,35402.0,0.19471385984800763,44.0
55,34412.0,0.20138358373652487,42.0
56,34412.0,0.20682216241616463,44.0
57,34412.0,0.20682216241616463,42.0
58,33413.0,0.2015864914295435,41.0
59,33413.0,0.21432281521880264,42.0
60,33413.0,0.2025149190110826,42.0
61,33413.0,0.19914877398043468,43.0
62,33409.0,0.19512966476913363,41.0
63,33409.0,0.19062251766378185,43.0
64,33409.0,0.19527552400270462,44.0
65,33409.0,0.19842883157582714,42.0
66,33409.0,0.2046035805626598,42.0
67,33409.0,0.19527552400270462,42.0
68,33409.0,0.19769119769119758,42.0
69,33409.0,0.19914877398043468,43.0
70,33409.0,0.20721242545158103,41.0
71,33409.0,0.19265650585716068,43.0
72,33409.0,0.19842883157582714,42.0
73,33409.0,0.20816133470932247,42.0
74,33409.0,0.20174765558397267,41.0
75,33409.0,0.18844388819357533,43.0
76,33409.0,0.19527552400270462,41.0
77,33409.0,0.1995448938794606,43.0
78,33409.0,0.19527552400270462,41.0
79,33409.0,0.19938884644766997,43.0
80,33409.0,0.2015864914295435,42.0
81,33409.0,0.20816133470932247,41.0
82,33409.0,0.19527552400270462,42.0
83,32410.0,0.19527552400270462,40.0
84,32410.0,0.19769119769119758,40.0
85,32410.0,0.19633307868601968,40.0
86,32410.0,0.20287896340155326,40.0
87,32410.0,0.20186680336622664,40.0
88,32410.0,0.1996589940323955,42.0
89,32410.0,0.2026784570037166,41.0
90,32410.0,0.20829562594268475,41.0
91,32410.0,0.203917296766201,41.0
92,32410.0,0.20174765558397267,41.0
93,32410.0,0.20328218243819254,40.0
94,32410.0,0.20829562594268475,41.0
95,32410.0,0.19537966374454765,40.0
96,32410.0,0.19711599542624847,41.0
97,32410.0,0.20404144190427248,40.0
98,32410.0,0.1941428932087855,43.0
99,32409.0,0.1942863166772086,40.0
100,32409.0,0.2048976795958557,40.0
101,32409.0,0.20174765558397267,41.0
102,32409.0,0.20635431415454575,40.0
103,32409.0,0.20226702394623777,41.0
104,31418.0,0.20734434124527007,39.0
105,31418.0,0.20734434124527007,39.0
106,31418.0,0.21383852875961928,40.0
107,31418.0,0.20838731968558338,39.0
108,31418.0,0.20838731968558338,40.0
109,30417.0,0.2051529583386965,38.0
110,30417.0,0.2076099162131811,40.0
111,30417.0,0.2051529583386965,39.0
112,30417.0,0.21165191740412986,38.0
113,30417.0,0.2008951406649615,39.0
114,30417.0,0.21706188043145982,38.0
115,30417.0,0.21141055541159184,39.0
116,30417.0,0.2076099162131811,39.0
117,30417.0,0.21276457602908708,38.0
118,30417.0,0.21373416623286495,38.0
119,30417.0,0.21694989106753818,39.0
120,30417.0,0.2052373581011354,39.0
121,30417.0,0.21165191740412986,39.0
122,30417.0,0.20292833290521448,39.0
123,30417.0,0.20943167553997302,40.0
124,30417.0,0.209337479485186,39.0
125,30417.0,0.2051529583386965,38.0
126,30417.0,0.21455838972757246,39.0
127,30417.0,0.21373416623286495,39.0
128,30417.0,0.21165191740412986,38.0
129,30417.0,0.2180059523809522,39.0
130,30417.0,0.206567343094443,39.0
131,30417.0,0.2157954495829511,38.0
132,30417.0,0.20272117561621592,40.0
133,30417.0,0.21807693994823868,38.0
134,30417.0,0.20077835906596908,39.0
135,30417.0,0.21276457602908708,39.0
136,30417.0,0.2060973512211903,39.0
137,30417.0,0.2180059523809522,38.0
138,30417.0,0.2180059523809522,39.0
139,30417.0,0.20915750915750914,40.0
140,30417.0,0.21165191740412986,39.0
141,30417.0,0.21165191740412986,38.0
142,30417.0,0.2180059523809522,39.0
143,30417.0,0.21383852875961928,38.0
144,30417.0,0.2076099162131811,39.0
145,30417.0,0.2180059523809522,38.0
146,30417.0,0.21789161098737922,38.0
147,30417.0,0.20657034743722066,41.0
148,30417.0,0.20618401206636494,39.0
149,30417.0,0.2052373581011354,39.0
150,30417.0,0.21807693994823868,38.0
151,30417.0,0.21383852875961928,39.0
152,30417.0,0.20502611524959324,39.0
153,30417.0,0.2052373581011354,39.0
154,30417.0,0.20695734434124538,39.0
155,30417.0,0.2083818142641672,38.0
156,30417.0,0.2076099162131811,38.0
157,30417.0,0.21564270152505446,38.0
158,30417.0,0.209337479485186,38.0
159,30417.0,0.2180059523809522,38.0
160,30417.0,0.21807693994823868,38.0
161,30417.0,0.21276457602908708,39.0
162,30417.0,0.21807693994823868,39.0
163,30417.0,0.2155341072127299,38.0
164,30417.0,0.2051529583386965,38.0
165,30417.0,0.21404864841259436,39.0
166,30417.0,0.21373416623286495,38.0
167,30417.0,0.20109786834123625,39.0
168,30417.0,0.21706188043145982,38.0
169,30417.0,0.2180059523809522,38.0
170,30417.0,0.21165191740412986,40.0
171,30417.0,0.2052373581011354,39.0
172,30417.0,0.21455838972757246,39.0
173,30417.0,0.2008951406649615,39.0
174,30417.0,0.2026001705029837,37.0
175,30417.0,0.21165191740412986,39.0
176,30417.0,0.21165191740412986,38.0
177,30417.0,0.2155341072127299,38.0
178,30417.0,0.2180059523809522,38.0
179,30417.0,0.2076099162131811,40.0
180,30417.0,0.20292833290521448,41.0
181,30417.0,0.21789161098737922,38.0
182,30417.0,0.21165191740412986,38.0
183,30417.0,0.2180059523809522,39.0
184,30417.0,0.20186680336622664,40.0
185,30417.0,0.20734434124527007,39.0
186,30417.0,0.2083818142641672,40.0
187,30417.0,0.20618401206636494,40.0
188,30417.0,0.21807693994823868,38.0
189,30417.0,0.21383852875961928,39.0
190,30417.0,0.2076099162131811,38.0
191,30417.0,0.2052373581011354,38.0
192,30417.0,0.20734434124527007,39.0
193,30417.0,0.21383852875961928,38.0
194,30417.0,0.20416987755801,40.0
195,30417.0,0.2076099162131811,39.0
196,30417.0,0.21058996285738932,38.0
197,30417.0,0.2051529583386965,39.0
198,30417.0,0.20331363986642692,40.0
199,30417.0,0.21383852875961928,40.0
200,30417.0,0.21165191740412986,40.0
201,30417.0,0.2124761408988375,38.0
202,30417.0,0.21404864841259436,39.0
203,30417.0,0.2083818142641672,39.0
204,30417.0,0.21165191740412986,39.0
205,30417.0,0.2060973512211903,39.0
206,30417.0,0.20618401206636494,39.0
207,30417.0,0.21155261221486363,38.0
208,30417.0,0.2076099162131811,38.0
209,30417.0,0.209337479485186,40.0
210,30417.0,0.21568627450980393,40.0
211,30417.0,0.21058996285738932,38.0
212,29440.0,0.2076099162131811,38.0
213,29440.0,0.2193929025749002,38.0
214,29440.0,0.20117304563746896,39.0
215,29440.0,0.22037893809209064,39.0
216,29440.0,0.21814824584542344,38.0
217,29440.0,0.2076099162131811,39.0
218,29440.0,0.20991671004685067,38.0
219,29440.0,0.2118082788671025,39.0
220,29440.0,0.2193929025749002,38.0
221,29422.0,0.21165191740412986,37.0
222,29422.0,0.21155261221486363,39.0
223,29422.0,0.2157954495829511,37.0
224,29422.0,0.21058996285738932,39.0
225,29422.0,0.22025850699024008,37.0
226,29422.0,0.2204115880586468,37.0
227,29422.0,0.21706188043145982,37.0
228,29422.0,0.21564270152505446,38.0
229,29422.0,0.21404864841259436,38.0
230,29422.0,0.21305595408895267,39.0
231,29422.0,0.21155261221486363,39.0
232,29422.0,0.2180059523809522,39.0
233,29422.0,0.21564270152505446,39.0
234,29422.0,0.21058996285738932,40.0
235,29422.0,0.2076099162131811,38.0
236,29422.0,0.22442551681306008,38.0
237,29422.0,0.2243836586553358,37.0
238,29417.0,0.2051529583386965,37.0
239,29417.0,0.2180059523809522,37.0
240,29417.0,0.20943167553997302,40.0
241,29417.0,0.21165191740412986,37.0
242,29417.0,0.21807693994823868,38.0
243,29417.0,0.21383852875961928,38.0
244,29417.0,0.21694989106753818,38.0
245,29417.0,0.2048976795958557,38.0
246,29417.0,0.2180059523809522,37.0
247,29417.0,0.21155261221486363,38.0
248,29417.0,0.20743374272786036,38.0
249,29417.0,0.20502611524959324,39.0
250,29417.0,0.21694989106753818,37.0
251,29417.0,0.1986942282335927,38.0
252,29417.0,0.2180059523809522,37.0
253,29417.0,0.21155261221486363,37.0
254,29417.0,0.21155261221486363,39.0
255,29417.0,0.2076099162131811,39.0
256,29417.0,0.21068692377613282,37.0
257,29417.0,0.2060973512211903,38.0
258,29417.0,0.20292833290521448,39.0
259,29417.0,0.20272117561621592,40.0
260,29417.0,0.20943167553997302,38.0
261,29417.0,0.20695734434124538,38.0
262,29417.0,0.21155261221486363,37.0
263,29417.0,0.20109786834123625,38.0
264,29417.0,0.20077835906596908,40.0
265,29417.0,0.2076099162131811,38.0
266,29417.0,0.2052373581011354,39.0
267,29417.0,0.21165191740412986,38.0
268,29417.0,0.2052373581011354,39.0
269,29417.0,0.21564270152505446,37.0
270,29417.0,0.21706188043145982,38.0
271,29417.0,0.20657034743722066,38.0
272,29417.0,0.209337479485186,38.0
273,29417.0,0.2026001705029837,38.0
274,29417.0,0.21058996285738932,39.0
275,29417.0,0.21568627450980393,37.0
276,29417.0,0.2052373581011354,37.0
277,29417.0,0.2052373581011354,38.0
278,29417.0,0.21807693994823868,38.0
279,29417.0,0.21155261221486363,38.0
280,29417.0,0.20838731968558338,37.0
281,29417.0,0.2083818142641672,40.0
282,29417.0,0.21155261221486363,37.0
283,29417.0,0.20734434124527007,38.0
284,29417.0,0.20077835906596908,39.0
285,29417.0,0.2180059523809522,39.0
286,29417.0,0.20618401206636494,37.0
287,29417.0,0.209337479485186,37.0
288,29417.0,0.20972618122138692,38.0
289,29417.0,0.21455838972757246,37.0
290,29417.0,0.20272117561621592,39.0
291,29417.0,0.21058996285738932,39.0
292,29417.0,0.2095022624434389,38.0
293,29417.0,0.21165191740412986,40.0
294,29417.0,0.20502611524959324,38.0
295,29417.0,0.2157954495829511,37.0
296,29417.0,0.20618401206636494,38.0
297,29417.0,0.21807693994823868,38.0
298,29417.0,0.21586134453781508,37.0
299,29417.0,0.21807693994823868,38.0
300,29417.0,0.20734434124527007,38.0
301,29417.0,0.21263616557734213,37.0
302,29417.0,0.2052373581011354,40.0
303,29417.0,0.21694989106753818,39.0
304,29417.0,0.21058996285738932,38.0
305,29417.0,0.21807693994823868,38.0
306,29417.0,0.21165191740412986,37.0
307,29417.0,0.21155261221486363,38.0
308,29416.0,0.20502611524959324,37.0
309,29416.0,0.20639497629116993,38.0
310,29416.0,0.2064401252842493,39.0
311,29416.0,0.21373416623286495,38.0
312,29416.0,0.2180059523809522,37.0
313,29416.0,0.21789161098737922,38.0
314,29416.0,0.21694989106753818,37.0
315,29416.0,0.2051529583386965,38.0
316,29416.0,0.20280661284121493,38.0
317,29416.0,0.21155261221486363,37.0
318,29416.0,0.2073873409012729,39.0
319,29416.0,0.21773420479302835,37.0
320,29416.0,0.2026001705029837,38.0
321,29416.0,0.2060973512211903,39.0
322,29416.0,0.21155261221486363,38.0
323,29416.0,0.209337479485186,39.0
324,29416.0,0.21789161098737922,38.0
325,29416.0,0.20357554786620533,39.0
326,29416.0,0.21165191740412986,38.0
327,29416.0,0.21694989106753818,38.0
328,29416.0,0.20721242545158103,39.0
329,29416.0,0.21789161098737922,37.0
330,29416.0,0.21058996285738932,38.0
331,29416.0,0.2060973512211903,37.0
332,29416.0,0.21155261221486363,38.0
333,29416.0,0.21257771401243428,37.0
334,29416.0,0.21155261221486363,37.0
335,29416.0,0.21694989106753818,38.0
336,29416.0,0.21141055541159184,38.0
337,29416.0,0.2051529583386965,40.0
338,29416.0,0.20061964179611244,38.0
339,28419.0,0.2075199310493428,36.0
340,28419.0,0.21058996285738932,36.0
341,28419.0,0.21388200513021183,37.0
342,28419.0,0.21295332292208927,35.0
343,28419.0,0.2193929025749002,37.0
344,28419.0,0.20502611524959324,36.0
345,28419.0,0.2076099162131811,38.0
346,28419.0,0.20502611524959324,38.0
347,28419.0,0.2193929025749002,37.0
348,28419.0,0.21280786045102357,37.0
349,28419.0,0.20991671004685067,37.0
350,28419.0,0.21398692810457517,36.0
351,28419.0,0.21295332292208927,37.0
352,28419.0,0.21398692810457517,39.0
353,28419.0,0.21165191740412986,36.0
354,28419.0,0.21789161098737922,37.0
355,28419.0,0.20902132782937752,37.0
356,28419.0,0.2076099162131811,37.0
357,28419.0,0.2076099162131811,38.0
358,28419.0,0.22037893809209064,37.0
359,28419.0,0.21073020819806948,39.0
360,28419.0,0.20991671004685067,37.0
361,28419.0,0.20972618122138692,37.0
362,28419.0,0.21398692810457517,37.0
363,28419.0,0.20843050876738337,37.0
364,28419.0,0.21618847984628145,37.0
365,28419.0,0.2160784313725491,36.0
366,28419.0,0.21073020819806948,37.0
367,28419.0,0.2042519414768096,38.0
368,28419.0,0.209337479485186,37.0
369,28419.0,0.21398692810457517,37.0
370,28419.0,0.2157954495829511,36.0
371,28419.0,0.20528035775713807,37.0
372,28419.0,0.21618847984628145,36.0
373,28419.0,0.20991671004685067,36.0
374,28419.0,0.21073020819806948,38.0
375,28419.0,0.21618847984628145,37.0
376,28419.0,0.2193929025749002,36.0
377,28419.0,0.20991671004685067,37.0
378,28419.0,0.21398692810457517,36.0
379,28419.0,0.21398692810457517,37.0
380,28419.0,0.2076099162131811,38.0
381,28419.0,0.22037893809209064,37.0
382,28419.0,0.21398692810457517,38.0
383,28419.0,0.21175166297117512,37.0
384,28419.0,0.22037893809209064,37.0
385,28419.0,0.2073873409012729,38.0
386,28403.0,0.21175166297117512,35.0
387,27409.0,0.21901299845781005,34.0
388,27409.0,0.2208090443384561,35.0
389,27409.0,0.23069502400502523,34.0
390,27409.0,0.2275447764527221,34.0
391,27409.0,0.23145780051150888,34.0
392,27409.0,0.23153031327473536,34.0
393,27394.0,0.22531194295900167,33.0
394,27394.0,0.23069502400502523,34.0
395,26357.0,0.22746444115403586,30.0
396,26357.0,0.2336147421931735,32.0
397,26357.0,0.22819472616632866,31.0
398,26357.0,0.22819472616632866,30.0
399,26357.0,0.225624496373892,33.0
400,26357.0,0.22742399712178463,31.0
401,26357.0,0.23586279059187473,32.0
402,26357.0,0.2313317936874519,31.0
403,26357.0,0.235090340986279,30.0
404,26357.0,0.23818297620672393,31.0
405,26357.0,0.23285443209541876,31.0
406,26357.0,0.22819472616632866,31.0
407,26318.0,0.22926785393056312,28.0
408,26318.0,0.23540785223602187,29.0
409,26318.0,0.2386379145625768,29.0
410,26318.0,0.2313635131471942,28.0
411,26318.0,0.2355431780102341,29.0
412,26316.0,0.22611693079058087,28.0
413,26316.0,0.23836356972695627,28.0
414,26316.0,0.22926785393056312,31.0
415,26316.0,0.22746444115403586,30.0
416,26316.0,0.23836356972695627,28.0
417,26316.0,0.23631772894772746,28.0
418,26316.0,0.22211871173808906,31.0
419,26316.0,0.23631772894772746,28.0
420,26316.0,0.23463750396232388,28.0
421,26316.0,0.22791313321667334,29.0
422,26316.0,0.23153031327473536,29.0
423,26316.0,0.2229055258467023,30.0
424,26316.0,0.230008132285172,30.0
425,25320.0,0.23045992590584607,27.0
426,25320.0,0.24197547871607658,27.0
427,25320.0,0.2406542056074767,28.0
428,25320.0,0.23429092567259463,29.0
429,25320.0,0.22423672665413183,29.0
430,25320.0,0.23672717346799507,28.0
431,25320.0,0.24255456899741026,28.0
432,25320.0,0.24192212096106055,27.0
433,25320.0,0.22819472616632866,30.0
434,25320.0,0.2336147421931735,27.0
435,25320.0,0.23429092567259463,28.0
436,25320.0,0.24197547871607658,27.0
437,25320.0,0.24192212096106055,27.0
438,25320.0,0.23836356972695627,27.0
439,25320.0,0.24255456899741026,28.0
440,25320.0,0.2426528258362167,28.0
441,25320.0,0.224284246728304,28.0
442,25320.0,0.23655103066867755,28.0
443,25320.0,0.2317846307114069,29.0
444,25320.0,0.2296822177146722,29.0
445,25320.0,0.23429092567259463,29.0
446,25320.0,0.23038083593714606,28.0
447,25320.0,0.2406542056074767,28.0
448,25320.0,0.2336147421931735,29.0
449,25320.0,0.22423672665413183,30.0
450,25320.0,0.2265198316769628,30.0
451,25320.0,0.24255456899741026,27.0
452,25320.0,0.23269030475931712,28.0
453,25320.0,0.23049357674104126,28.0
454,25320.0,0.2283618252793108,28.0
455,25320.0,0.2336147421931735,28.0
456,25320.0,0.23111837327523604,28.0
457,25320.0,0.23245075292297884,28.0
458,25320.0,0.224284246728304,28.0
459,25320.0,0.22634466630688968,30.0
460,25320.0,0.24059787849566056,28.0
461,25320.0,0.23586279059187473,28.0
462,25320.0,0.24255456899741026,28.0
463,25320.0,0.23181530676786827,28.0
464,25320.0,0.23045992590584607,27.0
465,25320.0,0.23111837327523604,28.0
466,25320.0,0.23429092567259463,27.0
467,25320.0,0.23655103066867755,29.0
468,25320.0,0.24255456899741026,27.0
469,25320.0,0.23111837327523604,28.0
470,25320.0,0.224284246728304,28.0
471,25320.0,0.238836327071621,29.0
472,25320.0,0.23655103066867755,28.0
473,25320.0,0.22819472616632866,31.0
474,25320.0,0.23045992590584607,27.0
475,25320.0,0.2387758841854499,28.0
476,25320.0,0.22909623619562772,28.0
477,25320.0,0.22423672665413183,30.0
478,24320.0,0.23045992590584607,26.0
479,24320.0,0.23111837327523604,28.0
480,24320.0,0.2296822177146722,28.0
481,24320.0,0.2378596298332419,27.0
482,24320.0,0.2387758841854499,27.0
483,24320.0,0.23586279059187473,27.0
484,24320.0,0.2398875634169749,27.0
485,23319.0,0.2296822177146722,25.0
486,23319.0,0.235090340986279,26.0
487,23319.0,0.23045992590584607,25.0
488,23319.0,0.23045992590584607,26.0
489,23319.0,0.23586279059187473,25.0
490,22324.0,0.23807569539443674,24.0
491,22324.0,0.2402532108414459,26.0
492,22324.0,0.245558317223603,25.0
493,22324.0,0.2402532108414459,25.0
494,22324.0,0.2402532108414459,24.0
495,22324.0,0.24417748319985272,25.0
496,22324.0,0.24789250617111458,25.0
497,22324.0,0.24417748319985272,24.0
498,22324.0,0.2393847982083274,25.0
499,22324.0,0.2502090883746863,24.0
500,22324.0,0.238836327071621,25.0
501,22324.0,0.23729121278140877,25.0
502,22324.0,0.24009275841484135,26.0
503,22324.0,0.2398875634169749,26.0
504,22324.0,0.2501746541847144,25.0
505,22324.0,0.23807569539443674,24.0
506,22324.0,0.24616418671487503,25.0
507,22324.0,0.23801362036656137,25.0
508,22324.0,0.2501746541847144,25.0
509,22324.0,0.2387758841854499,26.0
510,22324.0,0.23801362036656137,25.0
511,22324.0,0.24207439985339949,25.0
512,22324.0,0.2387758841854499,25.0
513,22324.0,0.23488562091503262,26.0
514,22324.0,0.24417748319985272,25.0
515,22324.0,0.24941919895920445,25.0
516,22324.0,0.24009275841484135,25.0
517,22324.0,0.25009337068160603,24.0
518,22324.0,0.23595073133179362,25.0
519,22324.0,0.23807569539443674,24.0
520,22324.0,0.2441291810841983,25.0
521,22324.0,0.24945533769063166,24.0
522,22324.0,0.2441291810841983,25.0
523,22308.0,0.24192212096106055,23.0
524,22308.0,0.2438464747601167,24.0
525,22308.0,0.25377073906485687,23.0
526,22308.0,0.25316633830565727,24.0
527,22308.0,0.2517431793719875,23.0
528,22308.0,0.24255456899741026,25.0
529,22308.0,0.24192212096106055,26.0
530,22308.0,0.25377073906485687,23.0
531,22308.0,0.24371395617070357,24.0
532,22308.0,0.2539637864715265,23.0
533,22308.0,0.2438464747601167,24.0
534,21314.0,0.2491596638655462,22.0
535,21314.0,0.2548545988443686,22.0
536,21314.0,0.2438464747601167,24.0
537,21314.0,0.24902896719547005,23.0
538,21314.0,0.2491596638655462,22.0
539,21314.0,0.24723033421406376,25.0
540,21314.0,0.25316633830565727,25.0
541,21314.0,0.24320645905420996,23.0
542,21314.0,0.2491596638655462,23.0
543,21314.0,0.25278092006033204,22.0
544,21314.0,0.2610413097277747,23.0
545,21314.0,0.24924316519957163,23.0
546,21314.0,0.2572226958416216,22.0
547,21314.0,0.2590086882210511,23.0
548,21314.0,0.24974200206398361,24.0
549,21314.0,0.24320645905420996,22.0
550,21314.0,0.2550200803212852,23.0
551,21314.0,0.24974200206398361,23.0
552,21314.0,0.2572226958416216,22.0
553,21314.0,0.24310950795412506,23.0
554,21314.0,0.26078431372549016,22.0
555,21314.0,0.25278092006033204,23.0
556,21314.0,0.25278092006033204,24.0
557,21314.0,0.2553486622466733,22.0
558,21314.0,0.25094763442369794,26.0
559,21314.0,0.25316633830565727,23.0
560,21314.0,0.2529035595053369,25.0
561,21314.0,0.26078431372549016,23.0
562,21314.0,0.24924316519957163,23.0
563,20316.0,0.25316633830565727,21.0
564,20316.0,0.2622845748468878,21.0
565,20316.0,0.25389100484318433,22.0
566,20316.0,0.25316633830565727,22.0
567,20316.0,0.2553486622466733,23.0
568,20316.0,0.26475394079200315,21.0
569,20316.0,0.25094763442369794,23.0
570,20316.0,0.2491596638655462,23.0
571,20316.0,0.2590086882210511,22.0
572,20316.0,0.25711726998491713,22.0
573,20316.0,0.2590086882210511,22.0
574,20316.0,0.2583746751712734,22.0
575,20316.0,0.2629406993941129,22.0
576,20316.0,0.25711726998491713,24.0
577,20316.0,0.26489764610000505,22.0
578,20316.0,0.258847153319159,22.0
579,20316.0,0.25885208452312974,21.0
580,20316.0,0.2635160860460689,22.0
581,20316.0,0.2590086882210511,22.0
582,20311.0,0.24723033421406376,21.0
583,20311.0,0.2590086882210511,22.0
584,20311.0,0.2532406757452384,23.0
585,20311.0,0.2441291810841983,23.0
586,20311.0,0.25026780308322877,23.0
587,20311.0,0.25541795665634676,21.0
588,20311.0,0.24924316519957163,23.0
589,20311.0,0.25094763442369794,22.0
590,20311.0,0.24643914169441367,23.0
591,20311.0,0.2591171734394239,23.0
592,20311.0,0.25316633830565727,21.0
593,20311.0,0.2532406757452384,22.0
594,20311.0,0.2532406757452384,22.0
595,20311.0,0.2491596638655462,23.0
596,20311.0,0.2451441753171858,22.0
597,20311.0,0.2532406757452384,22.0
598,20311.0,0.25094763442369794,23.0
599,20311.0,0.24797881237803177,22.0
600,20311.0,0.24723033421406376,23.0
601,20311.0,0.2590086882210511,22.0
602,20311.0,0.24797881237803177,22.0
603,20311.0,0.25316633830565727,21.0
604,20311.0,0.24643914169441367,22.0
605,20311.0,0.25711726998491713,21.0
606,20311.0,0.25718248930267557,21.0
607,20311.0,0.2533613445378151,21.0
608,20311.0,0.25119929206837144,22.0
609,20311.0,0.2590086882210511,22.0
610,20311.0,0.24941919895920445,21.0
611,20311.0,0.25026780308322877,22.0
612,20311.0,0.24120395821880158,21.0
613,20311.0,0.24924316519957163,23.0
614,20311.0,0.24900102220983172,25.0
615,20311.0,0.2553486622466733,21.0
616,20311.0,0.2590086882210511,21.0
617,20311.0,0.2532406757452384,22.0
618,20311.0,0.24334898278560252,23.0
619,20311.0,0.24192212096106055,23.0
620,20311.0,0.25247432306255846,21.0
621,20311.0,0.2523983340352848,23.0
622,20311.0,0.24789250617111458,23.0
623,20311.0,0.24192212096106055,23.0
624,20311.0,0.2590086882210511,21.0
625,20311.0,0.2546445785951613,22.0
626,20311.0,0.25316633830565727,22.0
627,20311.0,0.24643914169441367,22.0
628,20311.0,0.2590086882210511,21.0
629,20311.0,0.2591171734394239,21.0
630,20311.0,0.24643914169441367,24.0
631,20311.0,0.25316633830565727,21.0
632,20311.0,0.25247432306255846,21.0
633,20311.0,0.25188356965697983,22.0
634,20311.0,0.2533613445378151,22.0
635,20311.0,0.25718248930267557,21.0
636,20311.0,0.25247432306255846,22.0
637,20311.0,0.24789250617111458,21.0
638,20311.0,0.2491596638655462,22.0
639,20311.0,0.24643914169441367,23.0
640,20311.0,0.2546445785951613,21.0
641,20311.0,0.2590086882210511,21.0
642,20311.0,0.25316633830565727,21.0
643,20311.0,0.2491596638655462,22.0
644,20311.0,0.2491596638655462,23.0
645,20311.0,0.24900102220983172,22.0
646,20311.0,0.25765270136831725,21.0
647,20311.0,0.24500554938956726,24.0
648,20311.0,0.2590086882210511,22.0
649,20311.0,0.25316633830565727,22.0
650,20311.0,0.2510270774976657,23.0
651,20311.0,0.2591171734394239,21.0
652,20311.0,0.2590086882210511,22.0
653,20311.0,0.24797881237803177,23.0
654,20307.0,0.241148918583827,21.0
655,20307.0,0.23907888736890107,22.0
656,20307.0,0.2490845037778704,22.0
657,20307.0,0.24933631409808601,21.0
658,20307.0,0.24104759274601867,22.0
659,20307.0,0.24731779504254525,21.0
660,20307.0,0.25304462312502946,22.0
661,20307.0,0.2516650365609428,21.0
662,20307.0,0.24242842676976895,23.0
663,20307.0,0.23907888736890107,22.0
664,20307.0,0.25119929206837144,21.0
665,20307.0,0.2451441753171858,23.0
666,20307.0,0.2398295766904893,22.0
667,20307.0,0.24104759274601867,23.0
668,20307.0,0.24310950795412506,23.0
669,20307.0,0.24714245887928632,22.0
670,20307.0,0.24933631409808601,22.0
671,20307.0,0.23499840771575442,23.0
672,20307.0,0.24491262225930557,23.0
673,20307.0,0.24192212096106055,22.0
674,20307.0,0.24104759274601867,22.0
675,20307.0,0.24933631409808601,22.0
676,20307.0,0.23579571363429092,23.0
677,20307.0,0.24714245887928632,22.0
678,20307.0,0.24182237600922726,22.0
679,20307.0,0.24723033421406376,22.0
680,20307.0,0.24182237600922726,22.0
681,20307.0,0.24723033421406376,22.0
682,20307.0,0.24293473257847734,22.0
683,20307.0,0.24500554938956726,22.0
684,20307.0,0.23506717501815536,24.0
685,20307.0,0.24491262225930557,22.0
686,20307.0,0.25316633830565727,22.0
687,20307.0,0.241148918583827,21.0
688,20307.0,0.24293473257847734,22.0
689,20307.0,0.24491262225930557,21.0
690,20307.0,0.24491262225930557,22.0
691,20307.0,0.24104759274601867,22.0
692,20307.0,0.24334898278560252,23.0
693,20307.0,0.24104759274601867,23.0
694,20307.0,0.2389133223382813,23.0
695,20307.0,0.24104759274601867,21.0
696,20307.0,0.23709950180538394,22.0
697,20307.0,0.23579571363429092,23.0
698,20307.0,0.24334898278560252,22.0
699,20307.0,0.23506717501815536,24.0
700,20307.0,0.24192212096106055,24.0
701,20307.0,0.24104759274601867,22.0
702,20307.0,0.23579571363429092,23.0
703,20307.0,0.24593044765075842,21.0
704,20307.0,0.2516650365609428,21.0
705,20307.0,0.24104759274601867,22.0
706,20307.0,0.24403440621531636,21.0
707,20307.0,0.24192212096106055,23.0
708,20307.0,0.2511204481792717,21.0
709,20307.0,0.24933631409808601,22.0
710,20307.0,0.2403903286256225,22.0
711,20307.0,0.24491262225930557,23.0
712,20307.0,0.24310950795412506,22.0
713,20307.0,0.23801362036656137,23.0
714,19314.0,0.2511204481792717,20.0
715,19314.0,0.2570044885424048,20.0
716,19314.0,0.2490845037778704,21.0
717,19314.0,0.26090775293168106,21.0
718,19314.0,0.2517590768364764,21.0
719,19314.0,0.2570044885424048,22.0
720,19314.0,0.2629406993941129,21.0
721,19314.0,0.25304462312502946,21.0
722,19314.0,0.2627929220468676,20.0
723,19314.0,0.2589083710407242,21.0
724,19298.0,0.2548076923076924,19.0
725,19298.0,0.262611840852846,20.0
726,19298.0,0.25553980628395956,21.0
727,19298.0,0.25853392204339354,21.0
728,19298.0,0.25464209780297653,22.0
729,19298.0,0.2629406993941129,20.0
730,19298.0,0.2606030246648538,19.0
731,19298.0,0.25492547138759586,21.0
732,19298.0,0.25837616600038077,20.0
733,19298.0,0.25537558018376433,20.0
734,19298.0,0.2645141186058776,20.0
735,19298.0,0.25885208452312974,19.0
736,19298.0,0.26590440577208885,19.0
737,19298.0,0.2600056971941318,21.0
738,19298.0,0.2664884135472371,21.0
739,19298.0,0.25415142133408397,20.0
740,19298.0,0.2646580583452894,20.0
741,19298.0,0.2567964383821161,20.0
742,19298.0,0.25492547138759586,21.0
743,18304.0,0.2627929220468676,18.0
744,18304.0,0.27234466987787664,18.0
745,18304.0,0.26866608712450507,19.0
746,18304.0,0.2627929220468676,20.0
747,18304.0,0.27159774801009506,18.0
748,18304.0,0.2666762783544792,20.0
749,18304.0,0.26494558703677074,20.0
750,18304.0,0.2744610281923714,18.0
751,18304.0,0.2666762783544792,19.0
752,18304.0,0.2735830650668227,18.0
753,18304.0,0.2635073589337938,20.0
754,18304.0,0.26866608712450507,18.0
755,18304.0,0.26866608712450507,19.0
756,18304.0,0.26848220769789394,19.0
757,18304.0,0.25885208452312974,19.0
758,18304.0,0.27050130396986377,20.0
759,18304.0,0.27375565610859726,19.0
760,18304.0,0.26494558703677074,19.0
761,18304.0,0.27406862745098065,19.0
762,18304.0,0.26848220769789394,18.0
763,18304.0,0.265763168012303,20.0
764,18304.0,0.27177438876785276,19.0
765,18304.0,0.27428976578162434,19.0
766,18304.0,0.2627929220468676,18.0
767,18304.0,0.2666762783544792,18.0
768,18304.0,0.266299623297595,19.0
769,18304.0,0.26259648113524164,18.0
770,18304.0,0.27062706270627057,18.0
771,18304.0,0.26848220769789394,20.0
772,18304.0,0.2629406993941129,20.0
773,18304.0,0.266299623297595,19.0
774,18304.0,0.27234466987787664,18.0
775,18304.0,0.2735830650668227,18.0
776,18304.0,0.27406862745098065,18.0
777,18304.0,0.25885208452312974,19.0
778,18304.0,0.2679337091101798,19.0
779,18304.0,0.26866608712450507,19.0
780,18304.0,0.26456135279664694,21.0
781,18304.0,0.266299623297595,21.0
782,18304.0,0.27428976578162434,18.0
783,18304.0,0.2627929220468676,21.0
784,18304.0,0.27062706270627057,18.0
785,18304.0,0.25975632971635265,20.0
786,18304.0,0.2688008864479452,20.0
787,18304.0,0.2606030246648538,20.0
788,18304.0,0.26331218762014613,20.0
789,18304.0,0.27406862745098065,18.0
790,18304.0,0.26456135279664694,19.0
791,18304.0,0.27428976578162434,19.0
792,18304.0,0.2646580583452894,19.0
793,18304.0,0.26824888371190053,19.0
794,18304.0,0.26848220769789394,20.0
795,18304.0,0.27177438876785276,18.0
796,18304.0,0.26866608712450507,19.0
797,18304.0,0.27428976578162434,18.0
798,18304.0,0.2735830650668227,18.0
799,18304.0,0.259164535379369,21.0
800,18304.0,0.26866608712450507,19.0
801,18304.0,0.26848220769789394,19.0
802,18304.0,0.27406862745098065,19.0
803,18304.0,0.26456135279664694,19.0
804,18304.0,0.26848220769789394,20.0
805,18304.0,0.2679337091101798,19.0
806,18304.0,0.26494558703677074,19.0
807,18304.0,0.27406862745098065,18.0
808,18304.0,0.26331218762014613,20.0
809,18304.0,0.26848220769789394,20.0
810,18304.0,0.26848220769789394,18.0
811,18304.0,0.2620342540909308,19.0
812,18304.0,0.27428976578162434,18.0
813,17308.0,0.26866608712450507,17.0
814,17308.0,0.27159774801009506,19.0
815,17308.0,0.27615607646567397,17.0
816,17308.0,0.26692200221611984,19.0
817,17308.0,0.27812177502579977,17.0
818,17308.0,0.2698862260953764,17.0
819,17308.0,0.27587552433908874,18.0
820,17308.0,0.2722960151802656,18.0
821,17308.0,0.27495098039215704,18.0
822,17308.0,0.26848220769789394,18.0
823,17308.0,0.2798078827490594,18.0
824,17308.0,0.27037037037037026,20.0
825,17308.0,0.269353667392883,18.0
826,17308.0,0.2800167926112509,17.0
827,17308.0,0.27211979319090807,18.0
828,17308.0,0.2666762783544792,20.0
829,17308.0,0.27211979319090807,17.0
830,17308.0,0.26917103475053383,18.0
831,17308.0,0.26566705113417927,18.0
832,17308.0,0.26866608712450507,19.0
833,17308.0,0.2782843137254904,17.0
834,17308.0,0.2782843137254904,18.0
835,17308.0,0.27642156862745104,18.0
836,17308.0,0.2793378657995863,17.0
837,17308.0,0.2666762783544792,20.0
838,17308.0,0.27642156862745104,17.0
839,17308.0,0.28017538673760967,19.0
840,17308.0,0.2744610281923714,19.0
841,17308.0,0.26806997308727426,19.0
842,17308.0,0.2782843137254904,17.0
843,17308.0,0.27598039215686293,19.0
844,17308.0,0.2664884135472371,18.0
845,17308.0,0.2798078827490594,17.0
846,17308.0,0.26917103475053383,17.0
847,17308.0,0.2782843137254904,18.0
848,17308.0,0.27159774801009506,19.0
849,17308.0,0.27428976578162434,18.0
850,17308.0,0.27406862745098065,18.0
851,17308.0,0.269353667392883,19.0
852,17308.0,0.26866608712450507,17.0
853,17308.0,0.26917103475053383,19.0
854,17308.0,0.27756588919857206,19.0
855,17308.0,0.27428976578162434,19.0
856,17308.0,0.2629406993941129,20.0
857,17308.0,0.27428976578162434,19.0
858,17308.0,0.2627929220468676,19.0
859,17308.0,0.26508847441415584,18.0
860,17308.0,0.27949776401788773,17.0
861,17308.0,0.27949776401788773,17.0
862,17308.0,0.2627929220468676,19.0
863,17308.0,0.26917103475053383,19.0
864,17308.0,0.26866608712450507,18.0
865,17308.0,0.2798078827490594,18.0
866,17308.0,0.2800167926112509,18.0
867,17308.0,0.26508847441415584,21.0
868,17308.0,0.2688008864479452,18.0
869,17308.0,0.28017538673760967,18.0
870,17308.0,0.2765879419099309,18.0
871,17308.0,0.2793378657995863,17.0
872,17308.0,0.2627929220468676,19.0
873,17308.0,0.26740376740376737,19.0
874,17308.0,0.2703984819734345,18.0
875,17308.0,0.27428976578162434,18.0
876,17308.0,0.2744610281923714,19.0
877,17308.0,0.28017538673760967,18.0
878,17308.0,0.26866608712450507,17.0
879,17308.0,0.27251989904872836,18.0
880,17308.0,0.2698862260953764,18.0
881,17308.0,0.26917103475053383,18.0
882,17308.0,0.2664884135472371,19.0
883,17308.0,0.2703984819734345,18.0
884,17308.0,0.27037037037037026,20.0
885,17308.0,0.2735830650668227,17.0
886,17308.0,0.26917103475053383,19.0
887,17308.0,0.2793378657995863,17.0
888,17308.0,0.2765879419099309,18.0
889,17308.0,0.26848220769789394,20.0
890,17308.0,0.2800167926112509,17.0
891,17308.0,0.26848220769789394,18.0
892,17308.0,0.27949776401788773,18.0
893,17308.0,0.27211979319090807,19.0
894,17308.0,0.26475394079200315,19.0
895,17308.0,0.26848220769789394,19.0
896,17308.0,0.26806997308727426,20.0
897,17308.0,0.26475394079200315,18.0
898,17308.0,0.2705785284410794,19.0
899,17308.0,0.2629406993941129,18.0
900,17308.0,0.2744610281923714,18.0
901,17308.0,0.26866608712450507,17.0
902,17308.0,0.269353667392883,18.0
903,17308.0,0.2708061002178649,18.0
904,17308.0,0.2703984819734345,18.0
905,17308.0,0.2800167926112509,17.0
906,17308.0,0.2798078827490594,17.0
907,17308.0,0.27428976578162434,19.0
908,17308.0,0.2666762783544792,20.0
909,17308.0,0.2729081731702581,17.0
910,17308.0,0.2782843137254904,18.0
911,17308.0,0.27211979319090807,20.0
912,17308.0,0.2798078827490594,17.0
913,17308.0,0.27159774801009506,17.0
914,17308.0,0.26866608712450507,17.0
915,17308.0,0.26475394079200315,19.0
916,17308.0,0.27211979319090807,19.0
917,17308.0,0.26508847441415584,18.0
918,17308.0,0.27375565610859726,18.0
919,16312.0,0.27587552433908874,16.0
920,16312.0,0.27006664734859465,18.0
921,16312.0,0.28535353535353536,18.0
922,16312.0,0.27949776401788773,19.0
923,16312.0,0.2720345563968161,18.0
924,16312.0,0.28144910357089925,17.0
925,16312.0,0.28461006568874386,16.0
926,16312.0,0.27006664734859465,18.0
927,15320.0,0.28640390166218754,15.0
928,15320.0,0.2871077184054282,16.0
929,15320.0,0.29200603318250384,15.0
930,15320.0,0.29735166793990336,16.0
931,15320.0,0.2906485671191554,16.0
932,15320.0,0.2844622697563874,18.0
933,15320.0,0.29713031045751626,15.0
934,15320.0,0.29128428865152206,17.0
935,15320.0,0.29713031045751626,16.0
936,15320.0,0.28620964925410364,17.0
937,15320.0,0.28293427923933406,17.0
938,15320.0,0.2901160464185672,15.0
939,15320.0,0.29735166793990336,15.0
940,15320.0,0.28921568627450966,17.0
941,15320.0,0.291824184686728,16.0
942,15320.0,0.291824184686728,17.0
943,15320.0,0.2807173120504484,16.0
944,15320.0,0.2882653061224488,17.0
945,15320.0,0.29551096924557935,16.0
946,15320.0,0.291824184686728,18.0
947,15320.0,0.2807173120504484,17.0
948,15320.0,0.2808737530099758,17.0
949,15320.0,0.29200603318250384,18.0
950,15320.0,0.2835214894038425,17.0
951,15320.0,0.29128428865152206,15.0
952,15320.0,0.2956842530826765,16.0
953,15320.0,0.28411466109286354,15.0
954,15320.0,0.2901160464185672,19.0
955,15320.0,0.2882653061224488,15.0
956,15320.0,0.2865475304045667,16.0
957,15320.0,0.28845482213241525,17.0
958,15320.0,0.29713031045751626,15.0
959,15320.0,0.29200603318250384,15.0
960,15320.0,0.28807482072112733,17.0
961,15320.0,0.28640390166218754,16.0
962,15320.0,0.2897435897435899,18.0
963,15320.0,0.2869147659063624,17.0
964,15320.0,0.29200603318250384,18.0
965,15320.0,0.28640390166218754,16.0
966,15320.0,0.28805568028738215,16.0
967,15320.0,0.2826302238066945,18.0
968,15320.0,0.2827826344643649,18.0
969,15320.0,0.2901160464185672,16.0
970,15320.0,0.2897435897435899,15.0
971,15320.0,0.291824184686728,16.0
972,15320.0,0.2901160464185672,19.0
973,15320.0,0.28807482072112733,17.0
974,15320.0,0.2835214894038425,19.0
975,15320.0,0.29128428865152206,16.0
976,15320.0,0.2901160464185672,17.0
977,15320.0,0.291824184686728,18.0
978,15320.0,0.2835214894038425,17.0
979,15320.0,0.292500505356782,16.0
980,15320.0,0.29200603318250384,17.0
981,15320.0,0.291824184686728,16.0
982,15320.0,0.29735166793990336,15.0
983,15320.0,0.291824184686728,19.0
984,15320.0,0.2949493422047481,16.0
985,15320.0,0.29551096924557935,17.0
986,15320.0,0.2807173120504484,17.0
987,15320.0,0.2844622697563874,16.0
988,15320.0,0.2826302238066945,17.0
989,15320.0,0.28620964925410364,17.0
990,15320.0,0.29331322272498744,16.0
991,15320.0,0.291824184686728,15.0
992,15320.0,0.28461006568874386,16.0
993,15320.0,0.2945989765415209,15.0
994,15320.0,0.2897435897435899,17.0
995,15320.0,0.28805568028738215,17.0
996,15320.0,0.28620964925410364,16.0
997,15320.0,0.2897435897435899,15.0
998,15320.0,0.2827826344643649,16.0
999,15320.0,0.2807173120504484,17.0
1000,15320.0,0.2857991681521094,16.0
1001,15320.0,0.28620964925410364,16.0
1002,15320.0,0.2897435897435899,16.0
1003,15320.0,0.2956842530826765,15.0
1004,15320.0,0.2915908631493836,16.0
1005,15320.0,0.29735166793990336,15.0
1006,15320.0,0.291824184686728,16.0
1007,15320.0,0.29551096924557935,16.0
1008,15320.0,0.29713031045751626,15.0
1009,15320.0,0.2897435897435899,15.0
1010,15320.0,0.29404203840919396,16.0
1011,15320.0,0.291824184686728,16.0
1012,15320.0,0.29735166793990336,16.0
1013,15320.0,0.28640390166218754,17.0
1014,15320.0,0.291824184686728,17.0
1015,15320.0,0.28640390166218754,17.0
1016,15320.0,0.28144910357089925,16.0
1017,15320.0,0.2882653061224488,17.0
1018,15320.0,0.2857991681521094,18.0
1019,15320.0,0.291824184686728,16.0
1020,15320.0,0.291824184686728,15.0
1021,15320.0,0.28471084636386185,17.0
1022,15320.0,0.29735166793990336,16.0
1023,15320.0,0.2875567529810905,16.0
1024,15320.0,0.2875567529810905,16.0
1025,15320.0,0.29200603318250384,16.0
1026,15320.0,0.296657523112872,15.0
1027,15320.0,0.296657523112872,15.0
1028,15320.0,0.2949493422047481,15.0
1029,15320.0,0.291824184686728,16.0
1030,15320.0,0.2938649686678796,15.0
1031,15320.0,0.28293427923933406,16.0
1032,15320.0,0.28640390166218754,15.0
1033,15320.0,0.2808737530099758,17.0
1034,15320.0,0.2869147659063624,17.0
1035,15320.0,0.28921568627450966,16.0
1036,15320.0,0.28471084636386185,17.0
1037,15320.0,0.291824184686728,16.0
1038,15320.0,0.29735166793990336,16.0
1039,15320.0,0.29128428865152206,16.0
1040,15320.0,0.29376571141277036,15.0
1041,15320.0,0.28640390166218754,16.0
1042,15320.0,0.291824184686728,17.0
1043,15320.0,0.2921368035705331,17.0
1044,15320.0,0.28805568028738215,16.0
1045,15320.0,0.2956842530826765,16.0
1046,15320.0,0.2826302238066945,17.0
1047,15320.0,0.291824184686728,18.0
1048,15320.0,0.29200603318250384,16.0
1049,15320.0,0.291824184686728,15.0
1050,15320.0,0.2807173120504484,17.0
1051,15320.0,0.291824184686728,16.0
1052,15320.0,0.29200603318250384,17.0
1053,15320.0,0.28461006568874386,18.0
1054,15320.0,0.28993029436838674,16.0
1055,15320.0,0.2975210809712485,16.0
1056,15320.0,0.29713031045751626,16.0
1057,15320.0,0.296657523112872,16.0
1058,15320.0,0.2807173120504484,17.0
1059,15320.0,0.28921568627450966,17.0
1060,15320.0,0.296657523112872,15.0
1061,15320.0,0.2968282920403303,15.0
1062,15320.0,0.291824184686728,15.0
1063,15320.0,0.296657523112872,16.0
1064,15320.0,0.2938649686678796,17.0
1065,15320.0,0.28640390166218754,17.0
1066,15320.0,0.29200603318250384,16.0
1067,15320.0,0.28993029436838674,16.0
1068,15319.0,0.28565400843881844,15.0
1069,15319.0,0.2964349376114083,15.0
1070,15319.0,0.2835710041592396,18.0
1071,15319.0,0.28565400843881844,16.0
1072,15319.0,0.294774610875278,17.0
1073,15319.0,0.2838210661148884,17.0
1074,15319.0,0.2875567529810905,16.0
1075,15319.0,0.29128428865152206,17.0
1076,15319.0,0.28921568627450966,16.0
1077,15319.0,0.2943716346642282,15.0
1078,15319.0,0.2949493422047481,15.0
1079,15319.0,0.2964349376114083,15.0
1080,15319.0,0.2929893184895443,17.0
1081,15319.0,0.2911010558069383,16.0
1082,15319.0,0.28736494597839124,16.0
1083,15319.0,0.2890276315129633,17.0
1084,15319.0,0.28935289128374,16.0
1085,15319.0,0.2848583877995643,17.0
1086,15319.0,0.28620964925410364,16.0
1087,15319.0,0.2929553264604813,16.0
1088,15319.0,0.29128428865152206,15.0
1089,15319.0,0.2890276315129633,17.0
1090,15319.0,0.2949493422047481,17.0
1091,15319.0,0.28565400843881844,16.0
1092,15319.0,0.2949493422047481,16.0
1093,15319.0,0.2911010558069383,15.0
1094,15319.0,0.28935289128374,18.0
1095,15319.0,0.294774610875278,15.0
1096,15319.0,0.28189361386872114,16.0
1097,15319.0,0.28845482213241525,17.0
1098,15319.0,0.29128428865152206,15.0
1099,15319.0,0.28736494597839124,17.0
1100,15319.0,0.2800980392156863,16.0
1101,15319.0,0.2844622697563874,16.0
1102,15319.0,0.2911010558069383,16.0
1103,15319.0,0.29313473461363965,16.0
1104,15319.0,0.2835710041592396,18.0
1105,15319.0,0.2968282920403303,16.0
1106,15319.0,0.291824184686728,16.0
1107,15319.0,0.28189361386872114,16.0
1108,15319.0,0.27994004619391616,17.0
1109,15319.0,0.29128428865152206,16.0
1110,15319.0,0.2911010558069383,16.0
1111,15319.0,0.28565400843881844,15.0
1112,15319.0,0.287697820244849,16.0
1113,15319.0,0.2844622697563874,16.0
1114,15319.0,0.2890276315129633,17.0
1115,15319.0,0.2850051859534744,17.0
1116,15319.0,0.29128428865152206,17.0
1117,15319.0,0.2890276315129633,16.0
1118,15319.0,0.28845482213241525,18.0
1119,15319.0,0.2911010558069383,16.0
1120,15319.0,0.29051620648259285,16.0
1121,15319.0,0.2850051859534744,16.0
1122,15319.0,0.28620964925410364,16.0
1123,15319.0,0.28640390166218754,16.0
1124,15319.0,0.2890276315129633,17.0
1125,15319.0,0.28189361386872114,17.0
1126,15319.0,0.29591629933627184,15.0
1127,15319.0,0.28396712220241643,16.0
1128,15319.0,0.28620964925410364,18.0
1129,15319.0,0.2875567529810905,15.0
1130,15319.0,0.29128428865152206,16.0
1131,15319.0,0.2911010558069383,17.0
1132,15319.0,0.2911010558069383,15.0
1133,15319.0,0.2844622697563874,17.0
1134,15319.0,0.28935289128374,15.0
1135,15319.0,0.28620964925410364,17.0
1136,15319.0,0.2838210661148884,16.0
1137,15319.0,0.29128428865152206,16.0
1138,15319.0,0.29591629933627184,16.0
1139,15319.0,0.2835710041592396,17.0
1140,15319.0,0.29253798706183237,17.0
1141,15319.0,0.28189361386872114,17.0
1142,15319.0,0.29253798706183237,16.0
1143,15319.0,0.2964349376114083,15.0
1144,15319.0,0.2911010558069383,16.0
1145,15319.0,0.28565400843881844,15.0
1146,15319.0,0.2844622697563874,17.0
1147,15319.0,0.28921568627450966,16.0
1148,15319.0,0.2835710041592396,16.0
1149,15319.0,0.28396712220241643,16.0
1150,15319.0,0.2964349376114083,16.0
1151,15319.0,0.28935289128374,17.0
1152,15319.0,0.2807173120504484,16.0
1153,15319.0,0.2911010558069383,15.0
1154,15319.0,0.287697820244849,15.0
1155,15319.0,0.2896158463385352,16.0
1156,15319.0,0.2890276315129633,17.0
1157,15319.0,0.28620964925410364,15.0
1158,15319.0,0.287697820244849,17.0
1159,15319.0,0.2872996914501841,17.0
1160,15319.0,0.2800980392156863,17.0
1161,15314.0,0.2800980392156863,15.0
1162,15314.0,0.2802063468779032,18.0
1163,15314.0,0.2807173120504484,16.0
1164,15314.0,0.2800980392156863,18.0
1165,15314.0,0.2764997087944089,17.0
1166,15314.0,0.2807173120504484,17.0
1167,15314.0,0.2771924690274119,17.0
1168,15314.0,0.27994004619391616,16.0
1169,15314.0,0.28565400843881844,15.0
1170,15314.0,0.28565400843881844,16.0
1171,15314.0,0.29128428865152206,15.0
1172,15314.0,0.28293427923933406,17.0
1173,15314.0,0.2763145059018631,17.0
1174,15314.0,0.27511798764170675,16.0
1175,15314.0,0.28461006568874386,15.0
1176,15314.0,0.2821514570740577,16.0
1177,15314.0,0.2838210661148884,17.0
1178,15314.0,0.28565400843881844,15.0
1179,15314.0,0.27994004619391616,17.0
1180,15314.0,0.2812668927220011,16.0
1181,15314.0,0.2835710041592396,16.0
1182,15314.0,0.2885936100328455,16.0
1183,15314.0,0.29128428865152206,16.0
1184,15314.0,0.2807173120504484,17.0
1185,15314.0,0.28565400843881844,16.0
1186,15314.0,0.29128428865152206,16.0
1187,15314.0,0.2911010558069383,16.0
1188,15314.0,0.27807043215296057,17.0
1189,15314.0,0.2911010558069383,16.0
1190,15314.0,0.2821514570740577,17.0
1191,15314.0,0.2763830097795942,17.0
1192,15314.0,0.29128428865152206,16.0
1193,15314.0,0.2857991681521094,16.0
1194,15314.0,0.2835710041592396,16.0
1195,15314.0,0.2763830097795942,17.0
1196,15314.0,0.28565400843881844,17.0
1197,15314.0,0.27839714439391705,17.0
1198,15314.0,0.28620964925410364,16.0
1199,15314.0,0.28565400843881844,15.0
1200,15314.0,0.27888611803823765,17.0
1201,15314.0,0.28935289128374,17.0
1202,15314.0,0.29051620648259285,16.0
1203,15314.0,0.28935289128374,17.0
1204,15314.0,0.2857991681521094,15.0
1205,15314.0,0.28783817324398103,16.0
1206,15314.0,0.27431566686080366,17.0
1207,15314.0,0.27994004619391616,15.0
1208,15314.0,0.2820474923637798,17.0
1209,15314.0,0.27511798764170675,17.0
1210,15314.0,0.2857991681521094,16.0
1211,15314.0,0.2857991681521094,16.0
1212,15314.0,0.29128428865152206,15.0
1213,15314.0,0.2792772969536941,17.0
1214,15314.0,0.2837210450931,17.0
1215,15314.0,0.28565400843881844,15.0
1216,15314.0,0.2821514570740577,15.0
1217,15314.0,0.2911010558069383,16.0
1218,15314.0,0.2911010558069383,15.0
1219,15314.0,0.2821514570740577,16.0
1220,15314.0,0.28565400843881844,15.0
1221,15314.0,0.28565400843881844,17.0
1222,15314.0,0.2781832335912032,18.0
1223,15314.0,0.2820474923637798,15.0
1224,15314.0,0.2886820551005211,17.0
1225,15314.0,0.28565400843881844,16.0
1226,15314.0,0.28565400843881844,17.0
1227,15314.0,0.2807173120504484,17.0
1228,15314.0,0.27320583405776105,16.0
1229,15314.0,0.29128428865152206,15.0
1230,15314.0,0.2807173120504484,16.0
1231,15314.0,0.2821514570740577,17.0
1232,15314.0,0.2763830097795942,17.0
1233,15314.0,0.2911010558069383,15.0
1234,14322.0,0.28921568627450966,14.0
1235,14322.0,0.2945989765415209,14.0
1236,14322.0,0.296657523112872,15.0
1237,14322.0,0.28845482213241525,17.0
1238,14322.0,0.2854583457748582,15.0
1239,14322.0,0.28993029436838674,15.0
1240,14322.0,0.28431372549019596,15.0
1241,14322.0,0.3002450980392157,15.0
1242,14322.0,0.2929110105580694,15.0
1243,14322.0,0.2854583457748582,16.0
1244,14322.0,0.2857991681521094,17.0
1245,14322.0,0.2854583457748582,16.0
1246,14322.0,0.292500505356782,16.0
1247,14322.0,0.28640390166218754,16.0
1248,14322.0,0.2945989765415209,15.0
1249,14322.0,0.29268108271586263,17.0
1250,14322.0,0.29128428865152206,17.0
1251,14322.0,0.28921568627450966,14.0
1252,14322.0,0.28921568627450966,14.0
1253,14322.0,0.2837210450931,16.0
1254,14322.0,0.2837210450931,15.0
1255,14322.0,0.3000819126606258,16.0
1256,14322.0,0.2945989765415209,14.0
1257,14322.0,0.2998665434760292,14.0
1258,14322.0,0.29086647512475416,16.0
1259,14322.0,0.294774610875278,14.0
1260,14322.0,0.2897435897435899,16.0
1261,14322.0,0.2973007384772092,15.0
1262,14322.0,0.28921568627450966,14.0
1263,14322.0,0.29268108271586263,17.0
1264,14322.0,0.2835710041592396,16.0
1265,14322.0,0.2945989765415209,17.0
1266,14322.0,0.292500505356782,17.0
1267,14322.0,0.292500505356782,17.0
1268,14322.0,0.294774610875278,15.0
1269,14322.0,0.28805568028738215,17.0
1270,14322.0,0.2929110105580694,14.0
1271,14322.0,0.2945989765415209,15.0
1272,14322.0,0.29086647512475416,15.0
1273,14322.0,0.2998665434760292,14.0
1274,14322.0,0.2984354363507059,15.0
1275,14322.0,0.2835710041592396,16.0
1276,14322.0,0.29404203840919396,16.0
1277,14322.0,0.296657523112872,15.0
1278,14322.0,0.28710771840542837,16.0
1279,14322.0,0.29768961848305187,14.0
1280,14322.0,0.2897435897435899,15.0
1281,14322.0,0.294774610875278,17.0
1282,14322.0,0.29128428865152206,15.0
1283,14322.0,0.29268108271586263,15.0
1284,14322.0,0.2950598421186658,14.0
1285,14322.0,0.2945989765415209,16.0
1286,14322.0,0.2998665434760292,14.0
1287,14322.0,0.28431372549019596,16.0
1288,14322.0,0.2929110105580694,16.0
1289,14322.0,0.28710771840542837,16.0
1290,14322.0,0.2897435897435899,16.0
1291,14322.0,0.28805568028738215,15.0
1292,14322.0,0.2960885385081869,15.0
1293,14322.0,0.2945989765415209,16.0
1294,14322.0,0.2984354363507059,15.0
1295,14322.0,0.29404203840919396,15.0
1296,14322.0,0.29404203840919396,15.0
1297,14322.0,0.28935289128374,16.0
1298,14322.0,0.2945989765415209,14.0
1299,14322.0,0.291955756661639,14.0
1300,14322.0,0.2910507792860734,16.0
1301,14322.0,0.29128428865152206,16.0
1302,14322.0,0.292500505356782,15.0
1303,14322.0,0.2998665434760292,14.0
1304,14322.0,0.28805568028738215,15.0
1305,14322.0,0.28710771840542837,15.0
1306,14322.0,0.2897435897435899,16.0
1307,14322.0,0.28921568627450966,16.0
1308,14322.0,0.2945989765415209,17.0
1309,14322.0,0.2993770424836602,15.0
1310,14322.0,0.28640390166218754,16.0
1311,14322.0,0.2910507792860734,14.0
1312,14322.0,0.2897435897435899,14.0
1313,14322.0,0.28921568627450966,16.0
1314,14322.0,0.28431372549019596,17.0
1315,14322.0,0.2945989765415209,15.0
1316,14322.0,0.2872996914501841,16.0
1317,14322.0,0.296657523112872,14.0
1318,14322.0,0.2968282920403303,15.0
1319,14322.0,0.3000819126606258,15.0
1320,14322.0,0.3000819126606258,14.0
1321,14322.0,0.2837210450931,17.0
1322,14322.0,0.28710771840542837,15.0
1323,14322.0,0.2945989765415209,15.0
1324,14322.0,0.29404203840919396,16.0
1325,14322.0,0.292500505356782,16.0
1326,14322.0,0.28565400843881844,16.0
1327,14322.0,0.29404203840919396,15.0
1328,14322.0,0.2945989765415209,15.0
1329,14322.0,0.2890276315129633,16.0
1330,14322.0,0.2837210450931,15.0
1331,14322.0,0.29954163483575263,14.0
1332,14322.0,0.2910507792860734,16.0
1333,14322.0,0.2968282920403303,15.0
1334,14322.0,0.29826839826839846,14.0
1335,14322.0,0.3000819126606258,15.0
1336,14322.0,0.3000819126606258,15.0
1337,14322.0,0.29954163483575263,14.0
1338,14322.0,0.294774610875278,16.0
1339,14322.0,0.2910507792860734,16.0
1340,14322.0,0.2875567529810905,16.0
1341,14322.0,0.3000819126606258,14.0
1342,14322.0,0.2837210450931,17.0
1343,14322.0,0.29620034542314333,14.0
1344,14322.0,0.2998665434760292,15.0
1345,14322.0,0.2857991681521094,15.0
1346,14322.0,0.2837210450931,17.0
1347,14322.0,0.29331322272498744,15.0
1348,14322.0,0.294774610875278,15.0
1349,14322.0,0.2890276315129633,16.0
1350,14322.0,0.2897435897435899,15.0
1351,14322.0,0.2945989765415209,14.0
1352,14322.0,0.2945989765415209,15.0
1353,14322.0,0.2875567529810905,16.0
1354,14322.0,0.2929110105580694,15.0
1355,14322.0,0.2945989765415209,15.0
1356,14322.0,0.2945989765415209,14.0
1357,14322.0,0.28431372549019596,16.0
1358,14322.0,0.28921568627450966,17.0
1359,14322.0,0.28921568627450966,17.0
1360,14322.0,0.3000819126606258,14.0
1361,14322.0,0.3000819126606258,14.0
1362,14322.0,0.2945989765415209,16.0
1363,14322.0,0.2965433596118861,15.0
1364,14322.0,0.28640390166218754,16.0
1365,14322.0,0.29268108271586263,15.0
1366,14322.0,0.3000819126606258,15.0
1367,14322.0,0.29086647512475416,16.0
1368,14322.0,0.2890276315129633,15.0
1369,14322.0,0.2945989765415209,15.0
1370,14322.0,0.2835710041592396,16.0
1371,14322.0,0.2837210450931,16.0
1372,14322.0,0.2950598421186658,14.0
1373,14322.0,0.2929110105580694,16.0
1374,14322.0,0.2872996914501841,15.0
1375,14322.0,0.2945989765415209,15.0
1376,14322.0,0.2897435897435899,14.0
1377,14322.0,0.2835710041592396,16.0
1378,14322.0,0.29128428865152206,15.0
1379,14322.0,0.28921568627450966,16.0
1380,14322.0,0.2897435897435899,15.0
1381,14322.0,0.294774610875278,16.0
1382,14322.0,0.294774610875278,16.0
1383,14322.0,0.2945989765415209,14.0
1384,14322.0,0.28921568627450966,17.0
1385,14322.0,0.2945989765415209,14.0
1386,14322.0,0.2837210450931,15.0
1387,14322.0,0.28710771840542837,17.0
1388,14322.0,0.2890276315129633,16.0
1389,14322.0,0.29616013071895436,14.0
1390,14322.0,0.292500505356782,16.0
1391,14322.0,0.29404203840919396,15.0
1392,14322.0,0.2945989765415209,14.0
1393,14322.0,0.2929110105580694,16.0
1394,14322.0,0.28805568028738215,15.0
1395,14322.0,0.2890276315129633,15.0
1396,14322.0,0.3000819126606258,14.0
1397,14322.0,0.294774610875278,15.0
1398,14322.0,0.2945989765415209,14.0
1399,14322.0,0.2911010558069383,14.0
1400,14322.0,0.3000819126606258,14.0
1401,14322.0,0.2929110105580694,16.0
1402,14322.0,0.2897435897435899,16.0
1403,14322.0,0.296657523112872,15.0
1404,14322.0,0.2945989765415209,15.0
1405,14322.0,0.2945989765415209,15.0
1406,14322.0,0.2872996914501841,17.0
1407,14322.0,0.2943716346642282,15.0
1408,14322.0,0.2857991681521094,17.0
1409,14322.0,0.29086647512475416,17.0
1410,14322.0,0.2897435897435899,16.0
1411,14322.0,0.3000819126606258,15.0
1412,14322.0,0.2890276315129633,15.0
1413,14322.0,0.29826839826839846,14.0
1414,14322.0,0.2890276315129633,16.0
1415,14322.0,0.3000819126606258,14.0
1416,14322.0,0.2908329572238103,15.0
1417,14322.0,0.2993770424836602,15.0
1418,14322.0,0.2945989765415209,14.0
1419,14322.0,0.2977781190805304,15.0
1420,14322.0,0.294774610875278,16.0
1421,14322.0,0.28431372549019596,16.0
1422,14322.0,0.2857991681521094,17.0
1423,14322.0,0.28935289128374,15.0
1424,14322.0,0.292500505356782,15.0
1425,14322.0,0.294774610875278,15.0
1426,14322.0,0.28640390166218754,15.0
1427,14322.0,0.29128428865152206,15.0
1428,14322.0,0.2890276315129633,16.0
1429,14322.0,0.28431372549019596,16.0
1430,14322.0,0.2890276315129633,17.0
1431,14322.0,0.2998665434760292,14.0
1432,14322.0,0.28993029436838674,14.0
1433,14322.0,0.29268108271586263,16.0
1434,14322.0,0.2890276315129633,15.0
1435,14322.0,0.2910507792860734,15.0
1436,14322.0,0.28431372549019596,15.0
1437,14322.0,0.2963840081487142,14.0
1438,14322.0,0.3002450980392157,15.0
1439,14322.0,0.3000819126606258,14.0
1440,14322.0,0.28993029436838674,15.0
1441,14322.0,0.2945989765415209,15.0
1442,14322.0,0.2897435897435899,14.0
1443,14322.0,0.28921568627450966,16.0
1444,14322.0,0.2945989765415209,14.0
1445,14322.0,0.2929110105580694,16.0
1446,14322.0,0.294774610875278,15.0
1447,14322.0,0.2890276315129633,14.0
1448,14322.0,0.2945989765415209,15.0
1449,14322.0,0.2993770424836602,14.0
1450,14322.0,0.2910507792860734,16.0
1451,14322.0,0.2890276315129633,17.0
1452,14322.0,0.292500505356782,15.0
1453,14322.0,0.2890276315129633,16.0
1454,14322.0,0.3000819126606258,15.0
1455,14320.0,0.2854583457748582,14.0
1456,14320.0,0.2951283606225996,16.0
1457,14320.0,0.28526168737214985,16.0
1458,14320.0,0.2854583457748582,15.0
1459,14320.0,0.29086647512475416,15.0
1460,14320.0,0.2887380593262946,16.0
1461,14320.0,0.29086647512475416,14.0
1462,14320.0,0.28431372549019596,17.0
1463,14320.0,0.2945989765415209,14.0
1464,14320.0,0.2816399286987523,15.0
1465,14320.0,0.2805106929421641,16.0
1466,14320.0,0.2859643857543015,14.0
1467,14320.0,0.28332092330603115,15.0
1468,14320.0,0.29086647512475416,15.0
1469,14320.0,0.29086647512475416,15.0
1470,14320.0,0.2929110105580694,14.0
1471,14320.0,0.2965559280707102,15.0
1472,14320.0,0.2859643857543015,15.0
1473,14320.0,0.28921568627450966,15.0
1474,14320.0,0.2965559280707102,15.0
1475,14320.0,0.29086647512475416,16.0
1476,14320.0,0.27994004619391616,15.0
1477,14320.0,0.2965559280707102,15.0
1478,14320.0,0.28845482213241525,15.0
1479,14320.0,0.29616013071895436,14.0
1480,14320.0,0.28921568627450966,15.0
1481,14320.0,0.2854583457748582,15.0
1482,14320.0,0.28332092330603115,16.0
1483,14320.0,0.2882152861144456,15.0
1484,14320.0,0.2854583457748582,14.0
1485,14320.0,0.2929553264604813,15.0
1486,14320.0,0.2805106929421641,15.0
1487,14320.0,0.2963840081487142,15.0
1488,14320.0,0.28189361386872114,16.0
1489,14320.0,0.2903314778596861,16.0
1490,14320.0,0.2854583457748582,14.0
1491,14320.0,0.28866546618647443,15.0
1492,14320.0,0.28921568627450966,16.0
1493,14320.0,0.2816399286987523,16.0
1494,14320.0,0.27994004619391616,16.0
1495,14320.0,0.2910507792860734,15.0
1496,14320.0,0.28707186199287904,17.0
1497,14320.0,0.2854583457748582,14.0
1498,14320.0,0.2887380593262946,14.0
1499,14320.0,0.2882152861144456,14.0
1500,14320.0,0.2875567529810905,15.0
1501,14320.0,0.2903314778596861,15.0
1502,14320.0,0.2945989765415209,14.0
1503,14320.0,0.29404203840919396,15.0
1504,14320.0,0.29086647512475416,15.0
1505,14320.0,0.2856043683296101,16.0
1506,14320.0,0.27994004619391616,17.0
1507,14320.0,0.2929110105580694,14.0
1508,14320.0,0.2910507792860734,14.0
1509,14320.0,0.2854583457748582,16.0
1510,14320.0,0.2945989765415209,15.0
1511,14320.0,0.27994004619391616,17.0
1512,14320.0,0.2875567529810905,16.0
1513,14320.0,0.2805106929421641,17.0
1514,14320.0,0.27994004619391616,17.0
1515,14320.0,0.28921568627450966,16.0
1516,14320.0,0.27994004619391616,16.0
1517,14320.0,0.2891905480140775,15.0
1518,14320.0,0.2854583457748582,15.0
1519,14320.0,0.28707186199287904,15.0
1520,14320.0,0.28921568627450966,16.0
1521,14320.0,0.28921568627450966,16.0
1522,14320.0,0.28921568627450966,14.0
1523,14320.0,0.2861597565234744,15.0
1524,14320.0,0.29086647512475416,16.0
1525,14320.0,0.2837210450931,15.0
1526,14320.0,0.29616013071895436,15.0
1527,14320.0,0.2887380593262946,15.0
1528,14320.0,0.29063068526379643,15.0
1529,14320.0,0.2910507792860734,14.0
1530,14320.0,0.28030303030303044,15.0
1531,14320.0,0.29086647512475416,15.0
1532,14320.0,0.2945989765415209,15.0
1533,14320.0,0.2854583457748582,15.0
1534,14320.0,0.2963840081487142,15.0
1535,14320.0,0.2910507792860734,16.0
1536,14320.0,0.2963840081487142,15.0
1537,14320.0,0.294774610875278,16.0
1538,14320.0,0.2945989765415209,14.0
1539,14320.0,0.2965559280707102,14.0
1540,14320.0,0.28726490596238485,15.0
1541,14320.0,0.28921568627450966,14.0
1542,14320.0,0.2859643857543015,17.0
1543,14320.0,0.2887380593262946,16.0
1544,14320.0,0.28471084636386185,16.0
1545,14320.0,0.28030303030303044,15.0
1546,14320.0,0.28526168737214985,16.0
1547,14320.0,0.2929553264604813,15.0
1548,14320.0,0.2820474923637798,17.0
1549,14320.0,0.2858564745695231,15.0
1550,14320.0,0.2837210450931,17.0
1551,14320.0,0.2859643857543015,15.0
1552,14320.0,0.294774610875278,14.0
1553,14320.0,0.28431372549019596,15.0
1554,14320.0,0.2945989765415209,15.0
1555,14320.0,0.2875567529810905,16.0
1556,14320.0,0.29086647512475416,14.0
1557,14320.0,0.2945989765415209,15.0
1558,14320.0,0.2956923702123337,15.0
1559,14320.0,0.2913056695546434,14.0
1560,14320.0,0.27978125923736336,16.0
1561,14320.0,0.28726490596238485,16.0
1562,14320.0,0.2924082453494219,15.0
1563,14320.0,0.2856043683296101,16.0
1564,14320.0,0.29313473461363965,14.0
1565,14320.0,0.28726490596238485,16.0
1566,14320.0,0.2856043683296101,16.0
1567,14320.0,0.2859643857543015,15.0
1568,14320.0,0.28726490596238485,15.0
1569,14320.0,0.2945989765415209,16.0
1570,14320.0,0.2910507792860734,15.0
1571,14320.0,0.28431372549019596,16.0
1572,14320.0,0.2848583877995644,16.0
1573,14320.0,0.29086647512475416,14.0
1574,14320.0,0.2887380593262946,17.0
1575,14320.0,0.2875567529810905,15.0
1576,14320.0,0.2865588983685077,16.0
1577,14320.0,0.28921568627450966,14.0
1578,14320.0,0.27994004619391616,15.0
1579,14320.0,0.28332092330603115,15.0
1580,14320.0,0.2805106929421641,16.0
1581,14320.0,0.2805106929421641,17.0
1582,14320.0,0.28707186199287904,15.0
1583,14320.0,0.28993029436838674,15.0
1584,14320.0,0.29086647512475416,15.0
1585,14320.0,0.29616013071895436,14.0
1586,14320.0,0.2820474923637798,16.0
1587,14320.0,0.2889273356401384,15.0
1588,14320.0,0.2854583457748582,16.0
1589,14320.0,0.28526168737214985,18.0
1590,14320.0,0.2816399286987523,15.0
1591,14320.0,0.29014580191050793,15.0
1592,14320.0,0.29616013071895436,14.0
1593,14320.0,0.2910507792860734,15.0
1594,14320.0,0.2929553264604813,15.0
1595,14320.0,0.29404203840919396,14.0
1596,14320.0,0.2890276315129633,14.0
1597,14320.0,0.29616013071895436,14.0
1598,14320.0,0.28726490596238485,15.0
1599,14320.0,0.27978125923736336,16.0
1600,14320.0,0.28526168737214985,16.0
1601,14320.0,0.28921568627450966,15.0
1602,14320.0,0.29086647512475416,15.0
1603,14320.0,0.2929553264604813,14.0
1604,14320.0,0.2889273356401384,15.0
1605,14320.0,0.2875567529810905,16.0
1606,14320.0,0.28189361386872114,16.0
1607,14320.0,0.29404203840919396,14.0
1608,14320.0,0.2910507792860734,15.0
1609,14320.0,0.2963840081487142,15.0
1610,14320.0,0.2910507792860734,15.0
1611,14320.0,0.2937638973115021,15.0
1612,14320.0,0.2887380593262946,15.0
1613,14320.0,0.29086647512475416,16.0
1614,14320.0,0.2951283606225996,14.0
1615,14320.0,0.2820474923637798,16.0
1616,14320.0,0.29086647512475416,15.0
1617,14320.0,0.2945989765415209,14.0
1618,14316.0,0.2820474923637798,14.0
1619,14316.0,0.27994004619391616,15.0
1620,14316.0,0.29253798706183237,15.0
1621,14316.0,0.2889273356401384,14.0
1622,14316.0,0.29313473461363965,15.0
1623,14316.0,0.2837210450931,15.0
1624,14316.0,0.28189361386872114,14.0
1625,14316.0,0.27643166447720524,16.0
1626,14316.0,0.2820474923637798,14.0
1627,14316.0,0.2884049294017861,14.0
1628,14316.0,0.2827826344643649,16.0
1629,14316.0,0.28189361386872114,17.0
1630,14316.0,0.2884049294017861,15.0
1631,14316.0,0.2785094137157349,17.0
1632,14316.0,0.2827826344643649,17.0
1633,14316.0,0.2929553264604813,14.0
1634,14316.0,0.27707691555425146,16.0
1635,14313.0,0.2802063468779032,14.0
1636,14313.0,0.2857991681521094,14.0
1637,14313.0,0.280980392156863,14.0
1638,14313.0,0.2839205857781709,16.0
1639,14313.0,0.29141656662665044,15.0
1640,14313.0,0.2821514570740577,16.0
1641,14313.0,0.2907335523041703,15.0
1642,14313.0,0.28935289128374,14.0
1643,14313.0,0.2785094137157349,16.0
1644,14313.0,0.2858942065491183,16.0
1645,14313.0,0.2857991681521094,14.0
1646,14313.0,0.2818627450980394,17.0
1647,14313.0,0.28957557706626935,14.0
1648,14313.0,0.27643166447720524,17.0
1649,14313.0,0.29128428865152206,16.0
1650,14313.0,0.27938737684128373,16.0
1651,14313.0,0.2858942065491183,15.0
1652,14313.0,0.27450980392156876,16.0
1653,14313.0,0.29141656662665044,15.0
1654,14313.0,0.2838210661148882,15.0
1655,14313.0,0.28510198049068886,14.0
1656,14313.0,0.2857991681521094,15.0
1657,14313.0,0.2837210450931,15.0
1658,14313.0,0.2785094137157349,16.0
1659,14313.0,0.2808737530099758,15.0
1660,14313.0,0.2894893998208419,15.0
1661,14313.0,0.2808737530099758,16.0
1662,14313.0,0.2857991681521094,17.0
1663,14313.0,0.2875567529810905,15.0
1664,14313.0,0.28640390166218754,15.0
1665,14313.0,0.2800980392156863,16.0
1666,14313.0,0.28426458302619295,15.0
1667,14313.0,0.2802653399668324,16.0
1668,14313.0,0.2857991681521094,15.0
1669,14313.0,0.2821514570740577,15.0
1670,14313.0,0.28792830263418506,15.0
1671,14313.0,0.2837210450931,16.0
1672,14313.0,0.2914982787007932,15.0
1673,14313.0,0.2773074490342043,15.0
1674,14313.0,0.280980392156863,17.0
1675,14313.0,0.2858942065491183,15.0
1676,14313.0,0.2894893998208419,14.0
1677,14313.0,0.2820474923637798,15.0
1678,14313.0,0.2808737530099758,16.0
1679,14313.0,0.2802063468779032,16.0
1680,14313.0,0.2821514570740577,15.0
1681,14313.0,0.2802063468779032,17.0
1682,14313.0,0.28510198049068886,15.0
1683,14313.0,0.2914982787007932,14.0
1684,14313.0,0.2858942065491183,14.0
1685,14313.0,0.2800980392156863,15.0
1686,14313.0,0.2907335523041703,14.0
1687,14313.0,0.2802063468779032,15.0
1688,14313.0,0.2781192078821577,16.0
1689,14313.0,0.27523781789943697,15.0
1690,14313.0,0.29141656662665044,14.0
1691,14313.0,0.2744371822803195,15.0
1692,14313.0,0.2839205857781709,15.0
1693,14313.0,0.28783817324398103,15.0
1694,14313.0,0.28783817324398103,15.0
1695,14313.0,0.2802653399668324,16.0
1696,14313.0,0.2744371822803195,16.0
1697,14313.0,0.2781832335912032,15.0
1698,14313.0,0.2802653399668324,16.0
1699,14313.0,0.29128428865152206,14.0
1700,14313.0,0.2802653399668324,16.0
1701,14313.0,0.2800980392156863,15.0
1702,14313.0,0.2818627450980394,15.0
1703,14313.0,0.29128428865152206,16.0
1704,14313.0,0.29128428865152206,14.0
1705,14313.0,0.2906501022800978,15.0
1706,14313.0,0.2838210661148882,14.0
1707,14313.0,0.2744371822803195,17.0
1708,14313.0,0.2858942065491183,15.0
1709,14313.0,0.2914982787007932,14.0
1710,14313.0,0.28510198049068886,14.0
1711,14313.0,0.27824694234129294,17.0
1712,14313.0,0.2838210661148882,14.0
1713,14313.0,0.2857991681521094,16.0
1714,14313.0,0.2820474923637798,15.0
1715,14313.0,0.2858942065491183,14.0
1716,14313.0,0.2857991681521094,15.0
1717,14313.0,0.2800980392156863,16.0
1718,14313.0,0.2822549019607844,16.0
1719,14313.0,0.2744371822803195,15.0
1720,14313.0,0.2764997087944089,17.0
1721,14313.0,0.27643166447720524,16.0
1722,14313.0,0.27824694234129294,17.0
1723,14313.0,0.2800980392156863,17.0
1724,14313.0,0.28510198049068886,16.0
1725,14313.0,0.28510198049068886,15.0
1726,14313.0,0.27450980392156876,15.0
1727,14313.0,0.2858942065491183,16.0
1728,14313.0,0.27450980392156876,15.0
1729,14313.0,0.2820474923637798,17.0
1730,14313.0,0.2830360214261142,14.0
1731,14313.0,0.2839205857781709,15.0
1732,14313.0,0.2802063468779032,16.0
1733,14313.0,0.29128428865152206,14.0
1734,14313.0,0.2781192078821577,17.0
1735,14313.0,0.2744371822803195,16.0
1736,14313.0,0.29141656662665044,14.0
1737,14313.0,0.27523781789943697,16.0
1738,14313.0,0.27523781789943697,15.0
1739,14313.0,0.2906501022800978,14.0
1740,14313.0,0.2802063468779032,14.0
1741,14313.0,0.28783817324398103,15.0
1742,14313.0,0.2800980392156863,16.0
1743,14313.0,0.2894893998208419,15.0
1744,14313.0,0.2914982787007932,15.0
1745,14313.0,0.29141656662665044,14.0
1746,14313.0,0.2837210450931,15.0
1747,14313.0,0.2822549019607844,16.0
1748,14313.0,0.28957557706626935,14.0
1749,14313.0,0.2802653399668324,15.0
1750,14313.0,0.2894893998208419,14.0
1751,14313.0,0.2837210450931,14.0
1752,14313.0,0.2837210450931,15.0
1753,14313.0,0.280980392156863,16.0
1754,14313.0,0.2808737530099758,15.0
1755,14313.0,0.29128428865152206,14.0
1756,14313.0,0.2857991681521094,15.0
1757,14313.0,0.2841161653578307,14.0
1758,14313.0,0.28426458302619295,16.0
1759,14313.0,0.2822549019607844,15.0
1760,14313.0,0.28640390166218754,15.0
1761,14313.0,0.29128428865152206,14.0
1762,14313.0,0.2857991681521094,16.0
1763,14313.0,0.2820474923637798,16.0
1764,14313.0,0.2789971710077065,15.0
1765,14313.0,0.2837210450931,16.0
1766,14313.0,0.2818627450980394,15.0
1767,14313.0,0.2858942065491183,15.0
1768,14313.0,0.29141656662665044,14.0
1769,14313.0,0.2800980392156863,17.0
1770,14313.0,0.27450980392156876,16.0
1771,14313.0,0.2858942065491183,15.0
1772,14313.0,0.2894893998208419,15.0
1773,14313.0,0.2802063468779032,15.0
1774,14313.0,0.2894893998208419,14.0
1775,14313.0,0.2802063468779032,16.0
1776,14313.0,0.2781192078821577,15.0
1777,14313.0,0.29128428865152206,15.0
1778,14313.0,0.2808737530099758,17.0
1779,14313.0,0.28510198049068886,15.0
1780,14313.0,0.2744371822803195,16.0
1781,14313.0,0.2894893998208419,15.0
1782,14313.0,0.2839205857781709,15.0
1783,14313.0,0.29128428865152206,14.0
1784,14313.0,0.2857991681521094,14.0
1785,14313.0,0.2822549019607844,16.0
1786,14313.0,0.2857991681521094,15.0
1787,14313.0,0.28514914737824953,15.0
1788,14313.0,0.2802063468779032,14.0
1789,14313.0,0.2744371822803195,16.0
1790,14313.0,0.2822549019607844,15.0
1791,14313.0,0.2865475304045667,14.0
1792,14313.0,0.2838210661148882,16.0
1793,14313.0,0.2914982787007932,14.0
1794,14313.0,0.29128428865152206,14.0
1795,14313.0,0.2808737530099758,15.0
1796,14313.0,0.2830360214261142,16.0
1797,14313.0,0.2839205857781709,16.0
1798,14313.0,0.2907335523041703,15.0
1799,14313.0,0.2906501022800978,14.0
1800,14313.0,0.2821514570740577,14.0
1801,14313.0,0.29128428865152206,14.0
1802,14313.0,0.281372549019608,16.0
1803,14313.0,0.2802063468779032,16.0
1804,14313.0,0.2858942065491183,15.0
1805,14313.0,0.2781832335912032,15.0
1806,14313.0,0.2858942065491183,15.0
1807,14313.0,0.2857991681521094,14.0
1808,14313.0,0.28712895737640126,14.0
1809,14313.0,0.2857991681521094,14.0
1810,14313.0,0.2802653399668324,16.0
1811,14313.0,0.2808737530099758,15.0
1812,14313.0,0.2800980392156863,15.0
1813,14313.0,0.2802063468779032,17.0
1814,14313.0,0.2830360214261142,16.0
1815,14313.0,0.2857991681521094,15.0
1816,14313.0,0.280980392156863,16.0
1817,14313.0,0.2802063468779032,16.0
1818,14313.0,0.2858942065491183,15.0
1819,14313.0,0.2785094137157349,16.0
1820,14313.0,0.2887700534759358,15.0
1821,14313.0,0.2839205857781709,18.0
1822,14313.0,0.2837210450931,16.0
1823,14313.0,0.2837210450931,14.0
1824,14313.0,0.2800980392156863,15.0
1825,14313.0,0.2837210450931,15.0
1826,14313.0,0.2838210661148884,15.0
1827,14313.0,0.27643166447720524,15.0
1828,14313.0,0.2802653399668324,15.0
1829,14313.0,0.29141656662665044,15.0
1830,14313.0,0.2820474923637798,15.0
1831,14313.0,0.2785094137157349,16.0
1832,14313.0,0.27523781789943697,17.0
1833,14313.0,0.2789971710077065,17.0
1834,14313.0,0.2837210450931,16.0
1835,14313.0,0.28792830263418506,15.0
1836,14313.0,0.2839205857781709,16.0
1837,14313.0,0.2785094137157349,16.0
1838,14313.0,0.2858942065491183,17.0
1839,14313.0,0.2887700534759358,14.0
1840,14313.0,0.2805486284289277,14.0
1841,14313.0,0.2837210450931,15.0
1842,14313.0,0.28783817324398103,14.0
1843,14313.0,0.2858942065491183,15.0
1844,14313.0,0.28783817324398103,15.0
1845,14313.0,0.2802653399668324,15.0
1846,14313.0,0.2894893998208419,14.0
1847,14313.0,0.28510198049068886,15.0
1848,14313.0,0.2858942065491183,15.0
1849,14313.0,0.2907335523041703,14.0
1850,14313.0,0.2802653399668324,17.0
1851,14313.0,0.2858942065491183,15.0
1852,14313.0,0.2820474923637798,15.0
1853,14313.0,0.2744371822803195,15.0
1854,14313.0,0.2802063468779032,16.0
1855,14313.0,0.28712895737640126,14.0
1856,14313.0,0.2820474923637798,15.0
1857,14313.0,0.2802063468779032,14.0
1858,14313.0,0.2894893998208419,16.0
1859,14313.0,0.28783817324398103,15.0
1860,14313.0,0.2857991681521094,15.0
1861,14313.0,0.27450980392156876,17.0
1862,14313.0,0.2914982787007932,15.0
1863,14313.0,0.2800980392156863,15.0
1864,14313.0,0.29141656662665044,15.0
1865,14313.0,0.2857991681521094,15.0
1866,14313.0,0.2781832335912032,15.0
1867,14313.0,0.2808737530099758,15.0
1868,14313.0,0.2781192078821577,17.0
1869,14313.0,0.2808737530099758,15.0
1870,14313.0,0.2808737530099758,15.0
1871,14313.0,0.2837210450931,16.0
1872,14313.0,0.27523781789943697,16.0
1873,14313.0,0.2857991681521094,14.0
1874,14313.0,0.2820474923637798,16.0
1875,14313.0,0.2914982787007932,15.0
1876,14313.0,0.27523781789943697,16.0
1877,14313.0,0.28426458302619295,16.0
1878,14313.0,0.2906501022800978,14.0
1879,14313.0,0.2894893998208419,14.0
1880,14313.0,0.29141656662665044,14.0
1881,14313.0,0.2914982787007932,16.0
1882,14313.0,0.2802063468779032,15.0
1883,14313.0,0.29141656662665044,14.0
1884,14313.0,0.2800980392156863,14.0
1885,14313.0,0.2857991681521094,15.0
1886,14313.0,0.29141656662665044,14.0
1887,14313.0,0.27523781789943697,16.0
1888,14313.0,0.28783817324398103,16.0
1889,14313.0,0.2818627450980394,16.0
1890,14313.0,0.29141656662665044,14.0
1891,14313.0,0.2802063468779032,16.0
1892,14313.0,0.28510198049068886,14.0
1893,14313.0,0.29128428865152206,14.0
1894,14313.0,0.2837210450931,15.0
1895,14313.0,0.2857991681521094,14.0
1896,14313.0,0.2802063468779032,17.0
1897,14313.0,0.2857991681521094,16.0
1898,14313.0,0.2857991681521094,15.0
1899,14313.0,0.27938737684128373,15.0
1900,14313.0,0.2802063468779032,15.0
1901,14313.0,0.2764997087944089,16.0
1902,14313.0,0.2858942065491183,14.0
1903,14313.0,0.2800980392156863,17.0
1904,14313.0,0.2858942065491183,15.0
1905,14313.0,0.29141656662665044,15.0
1906,14313.0,0.2837210450931,17.0
1907,14313.0,0.2820474923637798,16.0
1908,14313.0,0.2839205857781709,15.0
1909,14313.0,0.2858942065491183,15.0
1910,14313.0,0.2837210450931,16.0
1911,14313.0,0.2744371822803195,17.0
1912,14313.0,0.28510198049068886,14.0
1913,14313.0,0.2857991681521094,14.0
1914,14313.0,0.2820474923637798,14.0
1915,14313.0,0.2857991681521094,16.0
1916,14313.0,0.2859395014287123,15.0
1917,14313.0,0.29128428865152206,14.0
1918,14313.0,0.2837210450931,16.0
1919,14313.0,0.2837210450931,15.0
1920,14313.0,0.28957557706626935,14.0
1921,14313.0,0.2837210450931,16.0
1922,14313.0,0.2858942065491183,15.0
1923,14313.0,0.2857991681521094,17.0
1924,14313.0,0.27523781789943697,16.0
1925,14313.0,0.2830360214261142,16.0
1926,14313.0,0.2820474923637798,15.0
1927,14313.0,0.28783817324398103,14.0
1928,14313.0,0.2802063468779032,15.0
1929,14313.0,0.2837210450931,15.0
1930,14313.0,0.2794482557290906,16.0
1931,14313.0,0.2857991681521094,15.0
1932,14313.0,0.2839205857781709,14.0
1933,14313.0,0.2785094137157349,16.0
1934,14313.0,0.29141656662665044,14.0
1935,14313.0,0.280980392156863,15.0
1936,14313.0,0.2781192078821577,16.0
1937,14313.0,0.29128428865152206,15.0
1938,14313.0,0.2857991681521094,14.0
1939,14313.0,0.2818627450980394,16.0
1940,14313.0,0.28783817324398103,14.0
1941,14313.0,0.2802063468779032,16.0
1942,14313.0,0.2857991681521094,16.0
1943,14313.0,0.2744371822803195,15.0
1944,14313.0,0.2785094137157349,16.0
1945,14313.0,0.2838210661148882,15.0
1946,14313.0,0.2857991681521094,15.0
1947,14313.0,0.2802653399668324,16.0
1948,14313.0,0.2822549019607844,15.0
1949,14313.0,0.2764997087944089,17.0
1950,14313.0,0.2830360214261142,14.0
1951,14313.0,0.2894893998208419,14.0
1952,14313.0,0.2857991681521094,14.0
1953,14313.0,0.2773074490342043,16.0
1954,14313.0,0.28792830263418506,15.0
1955,14313.0,0.2744371822803195,15.0
1956,14313.0,0.2858942065491183,15.0
1957,14313.0,0.2802063468779032,15.0
1958,14313.0,0.2808737530099758,16.0
1959,14313.0,0.2906501022800978,14.0
1960,14313.0,0.2773074490342043,16.0
1961,14313.0,0.2822549019607844,16.0
1962,14313.0,0.2839205857781709,14.0
1963,14313.0,0.27656741709029287,16.0
1964,14313.0,0.27450980392156876,17.0
1965,14313.0,0.29141656662665044,14.0
1966,14313.0,0.2808737530099758,14.0
1967,14313.0,0.2887700534759358,15.0
1968,14313.0,0.2821514570740577,15.0
1969,14313.0,0.2857991681521094,15.0
1970,14313.0,0.280980392156863,15.0
1971,14313.0,0.2802063468779032,14.0
1972,14313.0,0.2808737530099758,14.0
1973,14313.0,0.27656741709029287,17.0
1974,14313.0,0.2800980392156863,14.0
1975,14313.0,0.2894893998208419,14.0
1976,14313.0,0.281372549019608,16.0
1977,14313.0,0.27707691555425146,15.0
1978,14313.0,0.2822549019607844,16.0
1979,14313.0,0.2858942065491183,14.0
1980,14313.0,0.280980392156863,15.0
1981,14313.0,0.27643166447720524,16.0
1982,14313.0,0.2858942065491183,15.0
1983,14313.0,0.2857991681521094,14.0
1984,14313.0,0.29141656662665044,14.0
1985,14313.0,0.28957557706626935,15.0
1986,14313.0,0.2764997087944089,18.0
1987,14313.0,0.28712895737640126,16.0
1988,14313.0,0.2857991681521094,15.0
1989,14313.0,0.2899230578307271,15.0
1990,14313.0,0.2821514570740577,15.0
1991,14313.0,0.2820474923637798,17.0
1992,14313.0,0.2818627450980394,15.0
1993,14313.0,0.28510198049068886,16.0
1994,14313.0,0.2858942065491183,14.0
1995,14313.0,0.2858942065491183,15.0
1996,14313.0,0.2857991681521094,17.0
1997,14313.0,0.2744371822803195,16.0
1998,14313.0,0.28921568627450966,15.0
1999,14313.0,0.29128428865152206,14.0
2000,14313.0,0.2808737530099758,16.0
